{
  "build": {
    "extra_flags": "-DARDUINO_AVR_MICRODUINO_CORE_PLUS",
    "core": "arduino",
    "f_cpu": "16000000L",
    "mcu": "atmega1284p",
    "variant": "plus"
  },
  "frameworks": [
    "arduino"
  ],
  "name": "Microduino Core+ (ATmega1284P@16M,5V)",
  "upload": {
    "maximum_ram_size": 16384,
    "maximum_size": 130048,
    "protocol": "arduino",
    "require_upload_port": true,
    "speed": 115200
  },
  "url": "https://www.microduino.cc/wiki/index.php?title=Microduino-Core%2B",
  "vendor": "Microduino"
}