{
  "build": {
    "core": "arduino",
    "extra_flags": "-DARDUINO_ARCH_AVR -DARDUINO_AVR_A_STAR_32U4",
    "f_cpu": "16000000L",
    "hwids": [
      [
        "0x1ffb",
        "0x2300"
      ],
      [
        "0x1ffb",
        "0x0101"
      ]
    ],
    "mcu": "atmega32u4",
    "usb_product": "Pololu A-Star 32U4",
    "variant": "leonardo"
  },
  "frameworks": [
    "arduino"
  ],
  "name": "Pololu A-Star 32U4",
  "upload": {
    "disable_flushing": true,
    "maximum_ram_size": 2560,
    "maximum_size": 28672,
    "protocol": "avr109",
    "require_upload_port": true,
    "speed": 57600,
    "use_1200bps_touch": true,
    "wait_for_upload_port": true
  },
  "url": "https://www.pololu.com/category/149/a-star-programmable-controllers",
  "vendor": "Pololu Corporation"
}