{
  "build": {
    "core": "arduino", 
    "extra_flags": "-DARDUINO_ARCH_AVR", 
    "f_cpu": "16000000L", 
    "hwids": [
      [
        "0x2341", 
        "0x8036"
      ]
    ], 
    "mcu": "atmega32u4", 
    "usb_product": "RedBearLab Blend", 
    "variant": "leonardo"
  }, 
  "frameworks": [
    "arduino"
  ], 
  "name": "RedBearLab Blend", 
  "upload": {
    "disable_flushing": true, 
    "maximum_ram_size": 2560, 
    "maximum_size": 28672, 
    "protocol": "avr109", 
    "require_upload_port": true, 
    "speed": 57600, 
    "use_1200bps_touch": true, 
    "wait_for_upload_port": true
  }, 
  "url": "http://redbearlab.com/blend/", 
  "vendor": "RedBearLab"
}