{
  "build": {
    "core": "arduino", 
    "extra_flags": "-DARDUINO_ARCH_AVR -DARDUINO_AVR_DUEMILANOVE", 
    "f_cpu": "16000000L", 
    "mcu": "atmega328p", 
    "variant": "standard"
  }, 
  "frameworks": [
    "arduino"
  ], 
  "fuses": {
    "efuse": "0x05", 
    "hfuse": "0xDA"
  }, 
  "name": "Arduino Duemilanove or Diecimila ATmega328", 
  "upload": {
    "maximum_ram_size": 2048, 
    "maximum_size": 30720, 
    "protocol": "arduino", 
    "require_upload_port": true, 
    "speed": 57600
  }, 
  "url": "http://arduino.cc/en/Main/ArduinoBoardDiecimila", 
  "vendor": "Arduino"
}