{
  "build": {
    "extra_flags": "-DARDUINO_AVR_ENGDUINOV3",
    "core": "arduino",
    "f_cpu": "8000000L",
    "hwids": [
      [
        "0x1B4F",
        "0x9208"
      ]
    ],
    "mcu": "atmega32u4",
    "usb_product": "EngduinoV3",
    "variant": "engduinov3"
  },
  "frameworks": [
    "arduino"
  ],
  "name": "Engduino 3",
  "upload": {
    "disable_flushing": true,
    "maximum_ram_size": 2560,
    "maximum_size": 28672,
    "protocol": "avr109",
    "require_upload_port": true,
    "speed": 57600,
    "use_1200bps_touch": true,
    "wait_for_upload_port": true
  },
  "url": "http://www.engduino.org",
  "vendor": "Engduino"
}