{
  "build": {
    "core": "arduino", 
    "extra_flags": "-DARDUINO_ARCH_AVR -DARDUINO_AVR_ETHERNET", 
    "f_cpu": "16000000L", 
    "mcu": "atmega328p", 
    "variant": "ethernet"
  }, 
  "frameworks": [
    "arduino"
  ], 
  "fuses": {
    "efuse": "0x05", 
    "hfuse": "0xde", 
    "lfuse": "0xff", 
    "lock": "0x3F"
  }, 
  "name": "Arduino Ethernet", 
  "upload": {
    "maximum_ram_size": 2048, 
    "maximum_size": 32256, 
    "protocol": "arduino", 
    "require_upload_port": true, 
    "speed": 115200
  }, 
  "url": "http://www.arduino.org/products/boards/4-arduino-boards/arduino-ethernet", 
  "vendor": "Arduino"
}