{
  "build": {
    "core": "arduino", 
    "extra_flags": "-DARDUINO_ARCH_AVR -DARDUINO_AVR_FEATHER32U4", 
    "f_cpu": "8000000L", 
    "hwids": [
      [
        "0x239A", 
        "0x800C"
      ]
    ], 
    "mcu": "atmega32u4", 
    "usb_product": "Feather 32u4", 
    "variant": "feather32u4"
  }, 
  "frameworks": [
    "arduino"
  ], 
  "name": "Adafruit Feather", 
  "upload": {
    "disable_flushing": true, 
    "maximum_ram_size": 2560, 
    "maximum_size": 28672, 
    "protocol": "avr109", 
    "require_upload_port": true, 
    "speed": 57600, 
    "use_1200bps_touch": true, 
    "wait_for_upload_port": true
  }, 
  "url": "https://learn.adafruit.com/adafruit-feather-32u4-bluefruit-le/", 
  "vendor": "Adafruit"
}