{
  "build": {
    "core": "arduino", 
    "extra_flags": "-DARDUINO_ARCH_AVR -DARDUINO_AVR_FIO", 
    "f_cpu": "8000000L", 
    "mcu": "atmega328p", 
    "variant": "eightanaloginputs"
  }, 
  "frameworks": [
    "arduino"
  ], 
  "fuses": {
    "efuse": "0x05", 
    "hfuse": "0xDA", 
    "lfuse": "0xFF", 
    "lock": "0x3F"
  }, 
  "name": "Arduino Fio", 
  "upload": {
    "maximum_ram_size": 2048, 
    "maximum_size": 30720, 
    "protocol": "arduino", 
    "require_upload_port": true, 
    "speed": 57600
  }, 
  "url": "http://arduino.cc/en/Main/ArduinoBoardFio", 
  "vendor": "Arduino"
}