{
  "build": {
    "core": "arduino", 
    "extra_flags": "-DARDUINO_ARCH_AVR -DARDUINO_AVR_FLORA8", 
    "f_cpu": "8000000L", 
    "hwids": [
      [
        "0x239A", 
        "0x8004"
      ]
    ], 
    "mcu": "atmega32u4", 
    "usb_product": "Adafruit Flora", 
    "variant": "flora"
  }, 
  "frameworks": [
    "arduino"
  ], 
  "name": "Adafruit Flora", 
  "upload": {
    "disable_flushing": true, 
    "maximum_ram_size": 2560, 
    "maximum_size": 28672, 
    "protocol": "avr109", 
    "require_upload_port": true, 
    "speed": 57600, 
    "use_1200bps_touch": true, 
    "wait_for_upload_port": true
  }, 
  "url": "http://www.adafruit.com/product/659", 
  "vendor": "Adafruit"
}