{
  "build": {
    "core": "arduino", 
    "extra_flags": "-DARDUINO_ARCH_AVR -DARDUINO_AVR_GEMMA", 
    "f_cpu": "8000000L", 
    "mcu": "attiny85", 
    "variant": "tiny8"
  }, 
  "frameworks": [
    "arduino"
  ], 
  "fuses": {
    "efuse": "0xFE", 
    "hfuse": "0xD5", 
    "lfuse": "0xF1", 
    "lock": ""
  }, 
  "name": "Adafruit Gemma", 
  "upload": {
    "maximum_ram_size": 512, 
    "maximum_size": 8192, 
    "protocol": "usbtiny"
  }, 
  "url": "http://www.adafruit.com/products/1222", 
  "vendor": "Adafruit"
}