{
  "build": {
    "core": "arduino",
    "extra_flags": "-DARDUINO_ARCH_AVR -DARDUINO_AVR_LEONARDO",
    "f_cpu": "8000000L",
    "hwids": [
      [
        "0x1d50",
        "0x6096"
      ]
    ],
    "mcu": "atmega32u4",
    "usb_product": "LightUp",
    "variant": "leonardo"
  },
  "frameworks": [
    "arduino"
  ],
  "name": "LightUp",
  "upload": {
    "disable_flushing": true,
    "maximum_ram_size": 2560,
    "maximum_size": 28672,
    "protocol": "avr109",
    "require_upload_port": true,
    "speed": 57600,
    "use_1200bps_touch": true,
    "wait_for_upload_port": true
  },
  "url": "https://www.lightup.io/",
  "vendor": "LightUp"
}