{
  "build": {
    "core": "arduino", 
    "extra_flags": "-DARDUINO_ARCH_AVR -DARDUINO_AVR_NANO", 
    "f_cpu": "16000000L", 
    "mcu": "atmega328p", 
    "variant": "eightanaloginputs"
  }, 
  "frameworks": [
    "arduino", 
    "simba"
  ], 
  "fuses": {
    "efuse": "0x05", 
    "hfuse": "0xDA", 
    "lfuse": "0xFF"
  }, 
  "name": "Arduino Nano ATmega328", 
  "upload": {
    "maximum_ram_size": 2048, 
    "maximum_size": 30720, 
    "protocol": "arduino", 
    "require_upload_port": true, 
    "speed": 57600
  }, 
  "url": "http://www.arduino.org/products/boards/4-arduino-boards/arduino-nano", 
  "vendor": "Arduino"
}