{
  "build": {
    "core": "arduino", 
    "extra_flags": "-DARDUINO_ARCH_AVR -DARDUINO_AVR_NANO", 
    "f_cpu": "16000000L", 
    "mcu": "atmega168", 
    "variant": "eightanaloginputs"
  }, 
  "frameworks": [
    "arduino"
  ], 
  "fuses": {
    "efuse": "0x00", 
    "hfuse": "0xdd", 
    "lfuse": "0xff"
  }, 
  "name": "Arduino Nano ATmega168", 
  "upload": {
    "maximum_ram_size": 1024, 
    "maximum_size": 14336, 
    "protocol": "arduino", 
    "require_upload_port": true, 
    "speed": 19200
  }, 
  "url": "http://www.arduino.org/products/boards/4-arduino-boards/arduino-nano", 
  "vendor": "Arduino"
}