{
  "build": {
    "core": "arduino", 
    "extra_flags": "-DARDUINO_ARCH_AVR -DARDUINO_AVR_YUN", 
    "f_cpu": "16000000L", 
    "hwids": [
      [
        "0x2A03", 
        "0x8001"
      ], 
      [
        "0x2A03", 
        "0x0001"
      ]
    ], 
    "mcu": "atmega32u4", 
    "usb_product": "Linino One", 
    "variant": "yun"
  }, 
  "frameworks": [
    "arduino"
  ], 
  "name": "Linino One", 
  "upload": {
    "disable_flushing": true, 
    "maximum_ram_size": 2560, 
    "maximum_size": 28672, 
    "protocol": "avr109", 
    "require_upload_port": true, 
    "speed": 57600, 
    "use_1200bps_touch": true, 
    "via_ssh": true, 
    "wait_for_upload_port": true
  }, 
  "url": "http://www.linino.org/portfolio/linino-one/", 
  "vendor": "Linino"
}