{
  "build": {
    "core": "arduino", 
    "extra_flags": "-DARDUINO_ARCH_AVR -DARDUINO_AVR_PRO", 
    "f_cpu": "8000000L", 
    "mcu": "atmega168", 
    "variant": "eightanaloginputs"
  }, 
  "frameworks": [
    "arduino"
  ], 
  "fuses": {
    "efuse": "0x00", 
    "hfuse": "0xdd", 
    "lfuse": "0xc6"
  }, 
  "name": "Arduino Pro or Pro Mini ATmega168 (3.3V, 8 MHz)", 
  "upload": {
    "maximum_ram_size": 1024, 
    "maximum_size": 14336, 
    "protocol": "arduino", 
    "require_upload_port": true, 
    "speed": 19200
  }, 
  "url": "http://arduino.cc/en/Main/ArduinoBoardProMini", 
  "vendor": "Arduino"
}