{
  "build": {
    "core": "arduino", 
    "extra_flags": "-DARDUINO_ARCH_AVR -DARDUINO_AVR_PROTRINKET3FTDI", 
    "f_cpu": "12000000L", 
    "mcu": "atmega328p", 
    "variant": "eightanaloginputs"
  }, 
  "frameworks": [
    "arduino"
  ], 
  "name": "Adafruit Pro Trinket 3V/12MHz (FTDI)", 
  "upload": {
    "maximum_ram_size": 2048, 
    "maximum_size": 28672, 
    "protocol": "arduino", 
    "require_upload_port": true, 
    "speed": 115200
  }, 
  "url": "http://www.adafruit.com/products/2010", 
  "vendor": "Adafruit"
}
