{
  "build": {
    "core": "arduino", 
    "extra_flags": "-DARDUINO_ARCH_AVR -DQUIRKBOT", 
    "f_cpu": "8000000L", 
    "hwids": [
      [
        "0x2886", 
        "0xf004"
      ], 
      [
        "0x2886", 
        "0xf005"
      ], 
      [
        "0x2886", 
        "0xf006"
      ], 
      [
        "0x2886", 
        "0xf007"
      ]
    ], 
    "mcu": "atmega32u4", 
    "usb_product": "Quirkbot", 
    "variant": "quirkbot"
  }, 
  "frameworks": [
    "arduino"
  ], 
  "name": "Quirkbot", 
  "upload": {
    "disable_flushing": true, 
    "maximum_ram_size": 2560, 
    "maximum_size": 28672, 
    "protocol": "avr109", 
    "require_upload_port": true, 
    "speed": 57600, 
    "use_1200bps_touch": true, 
    "wait_for_upload_port": true
  }, 
  "url": "http://quirkbot.com", 
  "vendor": "Quirkbot"
}