{
  "build": {
    "core": "arduino", 
    "extra_flags": "-DARDUINO_ARCH_AVR -DARDUINO_AVR_ROBOT_CONTROL", 
    "f_cpu": "16000000L", 
    "hwids": [
      [
        "0x2341", 
        "0x0038"
      ], 
      [
        "0x2341", 
        "0x8038"
      ], 
      [
        "0x2A03", 
        "0x0038"
      ], 
      [
        "0x2A03", 
        "0x8038"
      ]
    ], 
    "mcu": "atmega32u4", 
    "usb_product": "Robot Control", 
    "variant": "robot_control"
  }, 
  "frameworks": [
    "arduino"
  ], 
  "fuses": {
    "efuse": "0xcb", 
    "hfuse": "0xd8", 
    "lfuse": "0xff", 
    "lock": "0x3F"
  }, 
  "name": "Arduino Robot Control", 
  "upload": {
    "disable_flushing": true, 
    "maximum_ram_size": 2560, 
    "maximum_size": 28672, 
    "protocol": "avr109", 
    "require_upload_port": true, 
    "speed": 57600, 
    "use_1200bps_touch": true, 
    "wait_for_upload_port": true
  }, 
  "url": "http://www.arduino.org/products/boards/4-arduino-boards/arduino-robot", 
  "vendor": "Arduino"
}