{
  "build": {
    "core": "arduino",
    "extra_flags": "-DARDUINO_ARCH_AVR -DARDUINO_AVR_SANGUINO",
    "f_cpu": "16000000L",
    "mcu": "atmega644",
    "variant": "sanguino"
  },
  "frameworks": [
    "arduino"
  ],
  "name": "Sanguino ATmega644 or ATmega644A (16 MHz)",
  "upload": {
    "maximum_ram_size": 4096,
    "maximum_size": 64512,
    "protocol": "arduino",
    "require_upload_port": true,
    "speed": 115200
  },
  "url": "https://code.google.com/p/sanguino/",
  "vendor": "Sanguino"
}