{
  "build": {
    "core": "arduino",
    "extra_flags": "-DARDUINO_ARCH_AVR -DARDUINO_AVR_SANGUINO",
    "f_cpu": "8000000L",
    "mcu": "atmega644p",
    "variant": "sanguino"
  },
  "frameworks": [
    "arduino"
  ],
  "name": "Sanguino ATmega644P or ATmega644PA (8 MHz)",
  "upload": {
    "maximum_ram_size": 4096,
    "maximum_size": 64512,
    "protocol": "arduino",
    "require_upload_port": true,
    "speed": 57600
  },
  "url": "https://code.google.com/p/sanguino/",
  "vendor": "Sanguino"
}