{
  "build": {
    "core": "arduino", 
    "extra_flags": "-DARDUINO_ARCH_AVR -DARDUINO_AVR_UNO", 
    "f_cpu": "16000000L", 
    "hwids": [
      [
        "0x2341", 
        "0x0043"
      ], 
      [
        "0x2341", 
        "0x0001"
      ], 
      [
        "0x2341", 
        "0x0243"
      ], 
      [
        "0x2A03", 
        "0x0043"
      ]
    ], 
    "mcu": "atmega328p", 
    "variant": "standard"
  }, 
  "frameworks": [
    "arduino", 
    "simba"
  ], 
  "fuses": {
    "efuse": "0x05", 
    "hfuse": "0xDE", 
    "lfuse": "0xFF", 
    "lock": "0x3F"
  }, 
  "name": "Arduino Uno", 
  "upload": {
    "maximum_ram_size": 2048, 
    "maximum_size": 32256, 
    "protocol": "arduino", 
    "require_upload_port": true, 
    "speed": 115200
  }, 
  "url": "http://www.arduino.org/products/boards/4-arduino-boards/arduino-uno", 
  "vendor": "Arduino"
}