{
  "build": {
    "core": "arduino", 
    "extra_flags": "-DARDUINO_ARCH_AVR -DARDUINO_AVR_MEGA", 
    "f_cpu": "16000000L", 
    "mcu": "atmega1284p", 
    "variant": "wildfirev2"
  }, 
  "frameworks": [
    "arduino"
  ], 
  "name": "Wicked Device WildFire V2", 
  "upload": {
    "maximum_ram_size": 16384, 
    "maximum_size": 122878, 
    "protocol": "wiring", 
    "require_upload_port": true, 
    "speed": 38400
  }, 
  "url": "http://shop.wickeddevice.com/resources/wildfire/", 
  "vendor": "Wicked Device"
}