{
  "build": {
    "core": "esp8266",
    "extra_flags": "-DESP8266 -DARDUINO_ARCH_ESP8266 -DESP8266_WEMOS_D1MINI",
    "f_cpu": "80000000L",
    "f_flash": "40000000L",
    "flash_mode": "dio",
    "ldscript": "esp8266.flash.4m1m.ld",
    "mcu": "esp8266",
    "variant": "d1_mini"
  },
  "frameworks": [
    "arduino",
    "esp8266-rtos-sdk"
  ],
  "name": "WEMOS D1 mini",
  "upload": {
    "maximum_ram_size": 81920,
    "maximum_size": 4194304,
    "require_upload_port": true,
    "resetmethod": "nodemcu",
    "speed": 115200
  },
  "url": "https://wiki.wemos.cc/products:d1:d1_mini",
  "vendor": "WEMOS"
}
