{
  "build": {
    "core": "esp8266", 
    "extra_flags": "-DESP8266 -DARDUINO_ARCH_ESP8266 -DARDUINO_ESP8266_ESP01", 
    "f_cpu": "80000000L", 
    "f_flash": "40000000L", 
    "flash_mode": "qio", 
    "ldscript": "esp8266.flash.512k64.ld", 
    "mcu": "esp8266", 
    "variant": "generic"
  }, 
  "frameworks": [
    "arduino", 
    "simba",
    "esp8266-rtos-sdk"
  ], 
  "name": "Espressif Generic ESP8266 ESP-01 512k", 
  "upload": {
    "maximum_ram_size": 81920, 
    "maximum_size": 524288, 
    "require_upload_port": true, 
    "resetmethod": "ck", 
    "speed": 115200
  }, 
  "url": "http://www.esp8266.com/wiki/doku.php?id=esp8266-module-family", 
  "vendor": "Espressif"
}
