{
  "build": {
    "core": "esp8266", 
    "extra_flags": "-DESP8266 -DARDUINO_ARCH_ESP8266 -DARDUINO_ESP8266_ESP210", 
    "f_cpu": "80000000L", 
    "f_flash": "40000000L", 
    "flash_mode": "qio", 
    "ldscript": "esp8266.flash.4m1m.ld", 
    "mcu": "esp8266", 
    "variant": "generic"
  }, 
  "frameworks": [
    "arduino",
    "esp8266-rtos-sdk"
  ], 
  "name": "SweetPea ESP-210", 
  "upload": {
    "maximum_ram_size": 81920, 
    "maximum_size": 4194304, 
    "require_upload_port": true, 
    "resetmethod": "ck", 
    "speed": 115200
  }, 
  "url": "http://wiki.sweetpeas.se/index.php?title=ESP-210", 
  "vendor": "SweetPea"
}
