{
  "build": {
    "core": "esp8266", 
    "extra_flags": "-DESP8266 -DARDUINO_ARCH_ESP8266 -DARDUINO_MOD_WIFI_ESP8266", 
    "f_cpu": "80000000L", 
    "f_flash": "40000000L", 
    "flash_mode": "qio", 
    "ldscript": "esp8266.flash.2m.ld", 
    "mcu": "esp8266", 
    "variant": "generic"
  }, 
  "frameworks": [
    "arduino",
    "esp8266-rtos-sdk"
  ], 
  "name": "Olimex MOD-WIFI-ESP8266(-DEV)", 
  "upload": {
    "maximum_ram_size": 81920, 
    "maximum_size": 2097152, 
    "require_upload_port": true, 
    "resetmethod": "ck", 
    "speed": 115200
  }, 
  "url": "https://www.olimex.com/Products/IoT/MOD-WIFI-ESP8266-DEV/open-source-hardware", 
  "vendor": "Olimex"
}
