{
  "build": {
    "core": "esp8266", 
    "extra_flags": "-DESP8266 -DARDUINO_ARCH_ESP8266 -DARDUINO_ESP8266_THING", 
    "f_cpu": "80000000L", 
    "f_flash": "40000000L", 
    "flash_mode": "dio", 
    "ldscript": "esp8266.flash.512k64.ld", 
    "mcu": "esp8266", 
    "variant": "thing"
  }, 
  "frameworks": [
    "arduino",
    "esp8266-rtos-sdk"
  ], 
  "name": "SparkFun ESP8266 Thing Dev", 
  "upload": {
    "maximum_ram_size": 81920, 
    "maximum_size": 524288, 
    "require_upload_port": true, 
    "resetmethod": "nodemcu", 
    "speed": 115200
  }, 
  "url": "https://www.sparkfun.com/products/13231", 
  "vendor": "SparkFun"
}
