{
  "build": {
    "core": "esp8266", 
    "extra_flags": "-DESP8266 -DARDUINO_ARCH_ESP8266 -DWIFINFO", 
    "f_cpu": "80000000L", 
    "f_flash": "40000000L", 
    "flash_mode": "qio", 
    "ldscript": "esp8266.flash.1m256.ld", 
    "mcu": "esp8266", 
    "variant": "wifinfo"
  }, 
  "frameworks": [
    "arduino",
    "esp8266-rtos-sdk"
  ], 
  "name": "WifInfo", 
  "upload": {
    "maximum_ram_size": 81920, 
    "maximum_size": 434160, 
    "require_upload_port": true, 
    "resetmethod": "nodemcu", 
    "speed": 115200
  }, 
  "url": "http://www.esp8266.com/wiki/doku.php?id=esp8266-module-family", 
  "vendor": "Espressif"
}
