{
  "name": "espressif8266",
  "title": "Espressif 8266",
  "description": "Espressif Systems is a privately held fabless semiconductor company. They provide wireless communications and Wi-Fi chips which are widely used in mobile devices and the Internet of Things applications.",
  "url": "https://espressif.com/",
  "homepage": "http://platformio.org/platforms/espressif8266",
  "license": "Apache-2.0",
  "engines": {
    "platformio": "^3.0.0"
  },
  "repository": {
    "type": "git",
    "url": "https://github.com/platformio/platform-espressif8266.git"
  },
  "version": "1.3.0",
  "packageRepositories": [
    "https://dl.bintray.com/platformio/dl-packages/manifest.json",
    "https://sourceforge.net/projects/platformio-storage/files/packages/manifest.json/download",
    "http://dl.platformio.org/packages/manifest.json",
    "https://raw.githubusercontent.com/eerimoq/simba/master/make/platformio/manifest.json",
    "https://raw.githubusercontent.com/yanbe/framework-esp8266-rtos-sdk/master/manifest.json"
  ],
  "frameworks": {
    "arduino": {
      "package": "framework-arduinoespressif8266",
      "script": "builder/frameworks/arduino.py"
    },
    "simba": {
      "package": "framework-simba",
      "script": "builder/frameworks/simba.py"
    },
    "esp8266-rtos-sdk": {
      "package": "framework-esp8266-rtos-sdk",
      "script": "builder/frameworks/esp8266-rtos-sdk.py"
    }
  },
  "packages": {
    "toolchain-xtensa": {
      "type": "toolchain",
      "version": "~1.40802.0"
    },
    "framework-arduinoespressif8266": {
      "type": "framework",
      "optional": true,
      "version": "~1.20300.1"
    },
    "framework-esp8266-rtos-sdk": {
      "type": "framework",
      "optional": true,
      "version": ">=1.5.0-beta"
    },
    "framework-simba": {
      "type": "framework",
      "optional": true,
      "version": ">=7.0.0"
    },
    "tool-esptool": {
      "type": "uploader",
      "version": "~1.409.0"
    },
    "tool-espotapy": {
      "type": "uploader",
      "optional": true,
      "version": "~1.0.0"
    },
    "tool-mkspiffs": {
      "type": "uploader",
      "optional": true,
      "version": "~1.102.0"
    },
    "sdk-esp8266": {
      "optional": true,
      "version": "~1.10502.0"
    }
  }
}
